,label,area,equivalent_diameter,mean_intensity,filename
0,2,2995,61.75234762,3432.166277,Exo70
1,3,3019,61.99927569,3065.236171,Exo70
2,4,2713,58.77328377,5186.570586,Exo70
3,5,2976,61.55616042,3248.390793,Exo70
4,7,3059,62.40865138,3334.210199,Exo70
5,8,1633,45.59824752,3062.347826,Exo70
6,9,3105,62.87613845,3419.859259,Exo70
7,10,3393,65.72748113,3395.949307,Exo70
8,12,2806,59.77215207,3506.887741,Exo70
9,13,3932,70.75576224,3782.234741,Exo70
10,14,2614,57.6909713,3647.489671,Exo70
11,15,3689,68.53452182,3469.994307,Exo70
12,16,3503,66.78441529,3535.354553,Exo70
13,17,2757,59.24796558,3408.768226,Exo70
14,18,2208,53.02181546,4108.504982,Exo70
15,19,2577,57.28122124,3442.178502,Exo70
16,20,2903,60.79649989,3416.8629,Exo70
17,21,3280,64.62372402,3368.338415,Exo70
18,22,2885,60.60772299,5693.375043,Exo70
19,23,3101,62.83562547,3676.081264,Exo70
20,25,3721,68.83112919,4244.434561,Exo70
21,26,3027,62.08136679,3239.026759,Exo70
22,27,3344,65.25115353,4262.17195,Exo70
23,28,3351,65.319413,3366.743062,Exo70
24,29,2028,50.81466124,3231.414201,Exo70
25,30,3575,67.46726149,3760.969231,Exo70
26,31,2248,53.49992987,3726.986655,Exo70
27,32,3159,63.42053076,4391.102881,Exo70
28,33,3104,62.86601265,3496.393041,Exo70
29,34,3092,62.74437562,3531.543014,Exo70
30,35,1871,48.80810576,5429.881881,Exo70
31,36,2519,56.63294459,4979.301707,Exo70
32,37,3413,65.92091145,3434.392909,Exo70
33,38,979,35.30582833,3740.484168,Exo70
34,39,2302,54.13868702,3427.679844,Exo70
35,42,2706,58.69741228,3461.406135,Exo70
36,45,836,32.62557677,5522.982057,Exo70
37,47,1846,48.48092614,3444.614843,Exo70
38,48,660,28.98858568,3441.419697,Exo70
39,49,1931,49.58452945,5528.963231,Exo70
40,50,1690,46.38722702,3522.36213,Exo70
41,51,2105,51.77035099,3155.459857,Exo70
42,52,2434,55.66924691,3463.503287,Exo70
43,53,2447,55.81771373,3753.094401,Exo70
44,54,2077,51.42488244,3386.071257,Exo70
45,55,1900,49.18490759,3809.167368,Exo70
46,56,2300,54.1151638,3858.78087,Exo70
47,57,2186,52.75700565,3437.42086,Exo70
48,58,3225,64.07961869,3357.125891,Exo70
49,59,2112,51.85635852,5201.106534,Exo70
50,61,3244,64.26810315,3252.847102,Exo70
51,62,2300,54.1151638,3580.107826,Exo70
52,63,3226,64.08955275,3723.236516,Exo70
53,64,1888,49.02934081,3447.860699,Exo70
54,65,3012,61.92735671,3159.267264,Exo70
55,67,1488,43.52677845,5162.677419,Exo70
56,68,1715,46.72906825,4427.990671,Exo70
57,69,868,33.24412617,3452.366359,Exo70
58,70,2046,51.03967191,5052.264907,Exo70
59,71,553,26.53491037,3509.307414,Exo70
60,72,454,24.04268607,3331.352423,Exo70
61,73,1235,39.65414023,3425.996761,Exo70
62,74,1410,42.37060016,4086.758865,Exo70
63,75,2690,58.52362237,3727.904089,Exo70
64,77,1571,44.7242588,4966.585614,Exo70
0,1,3629,67.97489469,3083.706806,Exo70
1,3,3403,65.82426734,4173.012636,Exo70
2,6,3870,70.19570527,3328.438243,Exo70
3,8,3193,63.76091174,3177.650799,Exo70
4,9,3097,62.79508635,3486.825315,Exo70
5,10,2815,59.8679323,4040.909414,Exo70
6,11,3038,62.19406513,4787.384134,Exo70
7,12,3884,70.32255962,3161.089598,Exo70
8,13,2997,61.77296266,3274.113447,Exo70
9,14,3485,66.61261002,3211.748637,Exo70
10,16,2875,60.50259243,4105.851478,Exo70
11,17,3055,62.36783473,3319.070049,Exo70
12,18,2793,59.63353124,3372.956319,Exo70
13,19,3123,63.05812476,3470.857509,Exo70
14,20,2204,52.97376668,3272.288566,Exo70
15,21,3291,64.73199627,3472.96931,Exo70
16,23,3369,65.49461067,3380.36539,Exo70
17,24,2537,56.83492522,3275.181317,Exo70
18,25,1971,50.0954603,3730.898021,Exo70
19,26,3115,62.97730688,4313.694703,Exo70
20,27,2724,58.89231291,4368.996329,Exo70
21,28,2147,52.28427395,3479.233815,Exo70
22,29,1812,48.03238548,3256.233444,Exo70
23,30,2641,57.98815084,3370.752745,Exo70
24,31,2054,51.13935886,3265.203992,Exo70
25,32,3035,62.16334948,4330.387479,Exo70
26,33,2511,56.54294383,3171.208682,Exo70
27,34,3678,68.43226611,3180.612833,Exo70
28,36,2578,57.2923341,3631.842514,Exo70
29,37,3018,61.98900665,3681.022531,Exo70
30,39,2220,53.16570125,3166.195495,Exo70
31,40,2157,52.40589373,3633.804358,Exo70
32,41,2852,60.2600961,3476.524194,Exo70
33,42,1903,49.22372247,4529.087231,Exo70
34,43,1966,50.03187929,5478.09766,Exo70
35,44,2231,53.29725532,3811.704617,Exo70
36,46,2140,52.1989715,3491.879439,Exo70
37,47,4546,76.07987231,3811.91905,Exo70
38,48,1385,41.99329434,3507.186282,Exo70
39,49,1719,46.78353105,3220.723095,Exo70
40,50,2214,53.0938071,3487.633243,Exo70
41,52,1316,40.93388866,4854.87614,Exo70
42,53,1530,44.13679308,3719.686275,Exo70
43,54,3290,64.72216083,3659.323404,Exo70
44,55,382,22.05396804,3324.91623,Exo70
45,56,1677,46.20847018,3283.209302,Exo70
46,57,1601,45.14926922,3518.548407,Exo70
47,58,2000,50.46265044,3605.828,Exo70
48,59,1936,49.64868335,3624.919421,Exo70
49,60,2020,50.71433604,3621.705446,Exo70
0,1,3477,66.53610972,3329.316365,Exo70
1,2,3101,62.83562547,3373.273783,Exo70
2,3,3050,62.31677632,3151.839016,Exo70
3,4,2643,58.01010357,3577.218691,Exo70
4,5,2885,60.60772299,3408.499133,Exo70
5,6,3307,64.88916069,3274.220441,Exo70
6,7,2832,60.04843371,3084.066737,Exo70
7,8,2406,55.34811961,3282.89734,Exo70
8,9,3272,64.54486649,3188.646699,Exo70
9,10,2796,59.66554925,3235.652003,Exo70
10,11,2450,55.85191926,3197.133061,Exo70
11,12,3882,70.30445158,3047.976558,Exo70
12,13,2827,59.99540143,3243.691546,Exo70
13,14,2904,60.80697031,3292.174242,Exo70
14,15,2680,58.41474112,3692.053731,Exo70
15,16,3243,64.2581967,3281.546716,Exo70
16,17,2137,52.1623706,3073.832943,Exo70
17,18,734,30.57053853,3413.858311,Exo70
18,19,2875,60.50259243,3327.893217,Exo70
19,20,1984,50.26039451,3378.215726,Exo70
0,3,2887,60.62872723,4694.527537,Exo70
1,5,3042,62.23499574,4174.999014,Exo70
2,6,2898,60.74412071,5167.679089,Exo70
3,7,2731,58.96793363,2986.80703,Exo70
4,8,2486,56.26076349,4429.047868,Exo70
5,10,2935,61.13066386,3433.365247,Exo70
6,11,3441,66.19076426,3866.243824,Exo70
7,12,3247,64.29781335,3354.422236,Exo70
8,13,2762,59.30166627,3151.360608,Exo70
9,14,2849,60.22839416,3510.325728,Exo70
10,15,3170,63.53085358,3004.817981,Exo70
11,16,3050,62.31677632,3272.374426,Exo70
12,17,2437,55.70354361,4605.801805,Exo70
13,18,2617,57.72406681,3247.387849,Exo70
14,19,2561,57.1031214,3535.956658,Exo70
15,20,3130,63.12875553,3202.811821,Exo70
16,21,2557,57.05850958,3391.705905,Exo70
17,22,2268,53.73739189,3413.130952,Exo70
18,23,3639,68.06848539,3371.744435,Exo70
19,24,3488,66.64127499,3613.373853,Exo70
20,25,2047,51.05214342,3041.249145,Exo70
21,27,2879,60.54466656,3063.941299,Exo70
22,28,2732,58.97872868,3302.464495,Exo70
23,29,3455,66.32527894,3300.873806,Exo70
24,30,2756,59.23721959,3812.41836,Exo70
25,31,3607,67.76854018,3816.061547,Exo70
26,32,2161,52.45446269,4574.288755,Exo70
27,33,2568,57.18110834,4478.036215,Exo70
28,34,3631,67.99362313,3628.225558,Exo70
29,35,2557,57.05850958,3097.838483,Exo70
30,36,2107,51.79493914,3035.824395,Exo70
31,37,1823,48.17795855,3238.053209,Exo70
32,38,1969,50.07003758,3460.039106,Exo70
33,39,2581,57.32565974,4573.74816,Exo70
34,40,2304,54.16220002,3472.690538,Exo70
35,41,2148,52.29644866,3281.05121,Exo70
36,42,3261,64.43627981,5603.146274,Exo70
37,43,2845,60.18609893,4411.576098,Exo70
38,44,2690,58.52362237,3864.467286,Exo70
39,46,2729,58.94633761,4716.548919,Exo70
40,47,2670,58.30565654,4156.552434,Exo70
41,48,1698,46.49688965,4639.233216,Exo70
42,49,1803,47.91295127,3130.555186,Exo70
43,50,2416,55.46302138,4048.787252,Exo70
44,51,2217,53.12976633,3353.292287,Exo70
45,52,3137,63.19930737,3228.353522,Exo70
46,53,1717,46.75630758,3298.638323,Exo70
47,54,2338,54.56037074,4512.053892,Exo70
48,55,1601,45.14926922,3109.24797,Exo70
49,56,1868,48.7689601,2984.547645,Exo70
50,57,1791,47.75324099,3297.92239,Exo70
51,58,1871,48.80810576,3221.405131,Exo70
52,59,1525,44.06461512,3747.273443,Exo70
53,60,1474,43.32153147,3023.403664,Exo70
54,62,1090,37.25360525,6090.985321,Exo70
55,65,1968,50.05732138,3352.672256,Exo70
56,66,1174,38.66242653,3583.167802,Exo70
57,67,1794,47.79321859,3398.897436,Exo70
58,68,1183,38.81033859,3635.39645,Exo70
0,1,2243,53.4403995,3316.050825,Exo70
1,2,2543,56.90209278,3263.494298,Exo70
2,3,3566,67.38228414,3297.229669,Exo70
3,4,2283,53.91480206,3344.719667,Exo70
4,5,2934,61.12024889,3955.508521,Exo70
5,6,2584,57.35896603,4613.350619,Exo70
6,7,3388,65.67903454,3309.445691,Exo70
7,8,2646,58.04301711,3302.027211,Exo70
8,9,2411,55.40560028,3307.464123,Exo70
9,10,6480,90.83277079,3004.493364,Exo70
10,11,2596,57.49199821,3292.246918,Exo70
11,13,3440,66.18114561,3410.600872,Exo70
12,14,3123,63.05812476,3745.104387,Exo70
13,15,2679,58.40384183,3257.169466,Exo70
14,16,3880,70.28633888,3282.314433,Exo70
15,17,2658,58.17448504,3100.179458,Exo70
16,18,2275,53.82025608,3200.801319,Exo70
17,19,3300,64.82044814,3347.799091,Exo70
18,20,3869,70.18663547,3272.614888,Exo70
19,21,3049,62.30655962,3330.997048,Exo70
20,22,2730,58.95713661,3291.807692,Exo70
21,23,2987,61.66981855,3417.323401,Exo70
22,24,2939,61.17230601,3278.961892,Exo70
23,25,2192,52.82935815,3325.229471,Exo70
24,26,3373,65.53347987,3310.839609,Exo70
25,27,2416,55.46302138,3302.653146,Exo70
26,28,2799,59.69755008,4294.136835,Exo70
27,29,2843,60.16494017,3418.498769,Exo70
28,30,1129,37.91421166,4063.215235,Exo70
29,31,3131,63.13883919,3706.799425,Exo70
30,32,2138,52.17457376,3359.776894,Exo70
31,33,1746,47.14950949,3396.271478,Exo70
32,35,3481,66.57437086,3300.554151,Exo70
33,36,2507,56.49788968,3417.847627,Exo70
34,37,2143,52.23554675,3342.800747,Exo70
35,38,2067,51.30093702,3349.744074,Exo70
36,39,1911,49.32707948,3618.505495,Exo70
37,40,2071,51.35055109,4539.591502,Exo70
38,41,1902,49.21078758,3210.648791,Exo70
39,42,1679,46.23601622,3272.951757,Exo70
40,43,747,30.84007036,3250.953146,Exo70
41,45,1963,49.99369187,3315.154356,Exo70
42,46,1804,47.92623643,3019.521619,Exo70
43,47,1945,49.76395196,3332.957326,Exo70
44,48,708,30.02421685,3286.172316,Exo70
45,50,390,22.28370307,3334.771795,Exo70
46,51,1090,37.25360525,3282.284404,Exo70
47,53,2072,51.36294712,4055.436293,Exo70
48,54,2168,52.53935033,3147.252768,Exo70
49,55,2372,54.95565667,3282.860877,Exo70
0,1,5701,85.19823146,1193.052272,Exo84
1,2,2830,60.02722642,1286.59576,Exo84
2,3,3066,62.48001636,1191.616112,Exo84
3,5,2494,56.35121493,1195.481556,Exo84
4,6,3611,67.80610589,1205.552755,Exo84
5,7,3471,66.47867673,3364.231057,Exo84
6,9,1823,48.17795855,1092.900713,Exo84
7,11,2654,58.13069543,2267.802562,Exo84
8,12,2515,56.5879621,1223.144334,Exo84
9,13,2341,54.59536404,1102.839385,Exo84
10,14,2497,56.38509682,2888.092511,Exo84
11,15,2865,60.39727888,2778.055846,Exo84
12,16,1076,37.01358872,1180.523234,Exo84
0,1,4032,71.64985586,1937.189732,Exo84
1,2,4243,73.50071692,1278.936601,Exo84
2,3,4023,71.56984483,1195.059906,Exo84
3,4,2749,59.16194308,1215.279738,Exo84
4,5,3636,68.0404217,1088.506601,Exo84
5,6,3035,62.16334948,1129.265898,Exo84
6,7,5415,83.03368072,1677.275346,Exo84
7,8,3948,70.89957491,1132.89387,Exo84
8,11,2807,59.78280189,1133.232633,Exo84
9,12,4568,76.26374132,2777.533056,Exo84
10,13,2381,55.05981616,1132.069719,Exo84
11,14,4943,79.33235828,1264.154764,Exo84
12,15,3865,70.15034455,1156.681759,Exo84
13,16,2910,60.86975501,1160.032302,Exo84
14,17,2993,61.7317257,1116.619779,Exo84
15,18,1747,47.16300971,1100.116772,Exo84
16,19,5455,83.33979672,1211.303941,Exo84
17,20,2312,54.25615013,1076.837803,Exo84
18,21,2268,53.73739189,1107.391534,Exo84
19,22,2802,59.72953377,1209.721984,Exo84
20,23,2658,58.17448504,1105.18623,Exo84
21,24,1912,49.33998388,1418.201883,Exo84
22,25,3223,64.05974596,1194.520633,Exo84
23,26,2398,55.25602617,1253.862385,Exo84
24,27,3301,64.83026868,1332.340806,Exo84
25,28,847,32.83951727,1067.269185,Exo84
26,29,3151,63.34017529,2121.040305,Exo84
27,31,327,20.40463994,1153.116208,Exo84
28,33,1062,36.77200561,1131.602637,Exo84
0,1,4952,79.40454789,1185.966276,Exo84
1,2,3329,65.10464226,1144.903274,Exo84
2,4,3556,67.28773901,1950.42604,Exo84
3,5,5684,85.07110892,1158.620514,Exo84
4,6,5766,85.68254907,1166.028269,Exo84
5,7,2752,59.19421616,1158.970567,Exo84
6,8,4245,73.5180377,1155.468316,Exo84
7,9,1625,45.48641841,1151.900308,Exo84
8,10,3218,64.01003714,1217.850218,Exo84
9,11,3798,69.53965625,1270.274092,Exo84
10,12,3077,62.59199693,3233.0039,Exo84
11,13,4003,71.39172149,1192.39945,Exo84
12,14,4309,74.07016402,1094.972151,Exo84
13,15,2668,58.28381512,1157.574213,Exo84
14,16,2728,58.93553663,1354.625733,Exo84
15,17,2502,56.44152143,1495.777378,Exo84
16,18,1174,38.66242653,1182.270869,Exo84
17,19,2288,53.97380919,1247.82299,Exo84
18,20,3263,64.45603645,1104.631627,Exo84
19,21,1947,49.78953096,2808.131484,Exo84
20,22,5203,81.39204722,1129.002499,Exo84
21,23,2988,61.68014072,1122.913989,Exo84
22,24,2961,61.40083299,1154.68997,Exo84
23,25,2268,53.73739189,1908.843474,Exo84
24,26,1683,46.29105911,1419.698158,Exo84
25,28,2446,55.80630723,1084.618561,Exo84
26,29,2923,61.00556687,1187.32193,Exo84
27,30,1534,44.19445057,1351.853977,Exo84
28,31,1789,47.72657064,1114.200112,Exo84
29,32,348,21.04964041,1500.591954,Exo84
30,33,1551,44.43866035,1245.408124,Exo84
31,34,1684,46.30480961,1108.556413,Exo84
32,35,2091,51.59790585,1179.320421,Exo84
33,36,884,33.54912454,2467.850679,Exo84
0,1,3140,63.22951977,1983.800637,Exo84
1,2,3584,67.55213193,1100.972098,Exo84
2,3,3556,67.28773901,1162.985658,Exo84
3,5,3877,70.25916107,2502.776373,Exo84
4,7,2772,59.40892204,1071.536436,Exo84
5,8,2724,58.89231291,1148.124082,Exo84
6,9,2582,57.33676399,2019.869868,Exo84
7,10,1081,37.09948716,1159.107308,Exo84
8,11,3261,64.43627981,1189.154247,Exo84
9,12,4197,73.10120635,1077.935668,Exo84
10,13,4253,73.58728004,1171.511404,Exo84
11,15,3410,65.8919331,1133.906158,Exo84
12,16,3476,66.526541,1221.509781,Exo84
13,17,4534,75.97939257,2096.635421,Exo84
14,19,2987,61.66981855,1867.522933,Exo84
15,20,2197,52.88957629,1059.010924,Exo84
16,21,2271,53.77292075,1977.503303,Exo84
17,22,2715,58.79494335,1163.022099,Exo84
18,23,2024,50.76452342,1127.925395,Exo84
19,24,4413,74.95869603,1156.375708,Exo84
20,25,3054,62.3576264,1867.784217,Exo84
21,26,4116,72.39236124,1612.645044,Exo84
22,28,5803,85.95701878,1125.846631,Exo84
23,29,2311,54.24441527,1104.363912,Exo84
24,30,1829,48.25717695,1167.669765,Exo84
25,32,3434,66.1234043,1119.725976,Exo84
26,33,2245,53.4642196,2291.711359,Exo84
27,35,1368,41.73477803,1150.912281,Exo84
28,36,705,29.9605387,1301.268085,Exo84
29,37,3532,67.06028685,1260.169309,Exo84
30,38,2793,59.63353124,1182.099535,Exo84
31,39,2606,57.60262367,1190.642364,Exo84
32,40,4016,71.50755213,1241.079681,Exo84
33,41,2413,55.42857586,1385.002072,Exo84
34,42,4973,79.57273563,3824.526041,Exo84
35,43,2457,55.9316508,2197.535613,Exo84
36,45,1896,49.13310673,1183.987342,Exo84
37,46,1692,46.41466697,1148.00591,Exo84
0,2,3576,67.47669681,1271.67981,Exo84
1,3,4529,75.93748678,1620.564142,Exo84
2,4,3016,61.96846349,1237.083886,Exo84
3,6,2995,61.75234762,1545.580634,Exo84
4,8,3097,62.79508635,1203.962544,Exo84
5,9,4379,74.6693777,1553.360128,Exo84
6,10,3665,68.31122112,1268.909141,Exo84
7,11,4343,74.36181374,1116.526825,Exo84
8,12,4280,73.82049344,1161.857477,Exo84
9,13,2503,56.45279958,1131.962046,Exo84
10,14,2232,53.30919868,1166.868728,Exo84
11,15,2503,56.45279958,3005.712745,Exo84
12,18,2164,52.49085992,1205.292976,Exo84
13,23,2551,56.99152638,1285.633085,Exo84
14,25,2122,51.97897954,1126.080584,Exo84
15,26,2022,50.73943594,2131.859545,Exo84
16,27,1341,41.32086918,2515.859806,Exo84
17,28,2316,54.30306424,1264.350604,Exo84
18,30,1504,43.76016768,1262.714761,Exo84
0,1,4703,77.38246299,3716.476079,Sec10
1,2,3669,68.34848857,3251.813028,Sec10
2,3,2926,61.03686515,3566.736159,Sec10
3,4,3511,66.86063148,3327.468812,Sec10
4,5,3114,62.96719735,3405.03115,Sec10
5,6,5389,82.83409869,6390.159028,Sec10
6,7,3117,62.99752107,4460.44145,Sec10
7,8,3925,70.6927522,3380.683057,Sec10
8,9,3497,66.72719601,4781.418645,Sec10
9,10,4054,71.84506326,3001.099901,Sec10
10,12,3062,62.43924636,4038.029066,Sec10
11,13,3401,65.80492148,3518.046751,Sec10
12,14,3853,70.04135897,3429.750843,Sec10
13,17,3154,63.37032053,4222.547242,Sec10
14,18,2423,55.54331118,3418.509286,Sec10
15,19,3638,68.05913211,3380.954371,Sec10
16,20,3071,62.53094148,3236.616086,Sec10
17,21,3027,62.08136679,3408.562273,Sec10
18,22,2249,53.511828,3404.649177,Sec10
19,24,3183,63.66098861,3053.4235,Sec10
20,25,3101,62.83562547,5389.272493,Sec10
21,26,3491,66.66992763,3346.859353,Sec10
22,27,3642,68.09653752,3552.039813,Sec10
23,28,3578,67.49556349,3720.612353,Sec10
24,31,3155,63.38036576,6373.995246,Sec10
25,32,2437,55.70354361,3210.961428,Sec10
26,33,2515,56.5879621,3425.474354,Sec10
27,34,3105,62.87613845,3402.720773,Sec10
28,35,2617,57.72406681,3536.068781,Sec10
29,36,2326,54.42017256,3366.996131,Sec10
30,38,3130,63.12875553,4162.71246,Sec10
31,39,2832,60.04843371,5254.023658,Sec10
32,40,2114,51.88090591,3390.936613,Sec10
33,41,3774,69.31959349,3177.663222,Sec10
34,42,1921,49.45597199,3239.071317,Sec10
35,45,3018,61.98900665,5818.540093,Sec10
36,46,2283,53.91480206,3458.321069,Sec10
37,47,2810,59.81474,3812.634164,Sec10
38,48,2314,54.27961225,3069.552723,Sec10
39,49,2789,59.59081381,3542.50735,Sec10
40,53,2018,50.68922372,3246.695738,Sec10
41,55,2939,61.17230601,3721.682205,Sec10
42,56,2131,52.08909166,2958.091506,Sec10
43,57,1248,39.86229988,3016.981571,Sec10
44,58,2956,61.34896979,3483.932003,Sec10
45,59,3061,62.4290497,3640.758249,Sec10
46,61,2379,55.03668665,3098.488861,Sec10
47,62,2316,54.30306424,3433.163212,Sec10
48,63,3318,64.99699077,3420.733876,Sec10
49,65,1776,47.55284883,2961.813063,Sec10
50,66,2020,50.71433604,3174.763861,Sec10
51,67,2168,52.53935033,3112.296125,Sec10
52,68,3108,62.90650606,4909.739704,Sec10
53,69,2375,54.99039842,5910.186526,Sec10
54,70,2193,52.84140726,3940.412221,Sec10
55,71,3619,67.88117495,3326.74772,Sec10
56,72,2035,50.90228358,4931.484521,Sec10
57,75,2040,50.96477873,3700.105882,Sec10
58,76,2557,57.05850958,3391.445053,Sec10
59,77,2790,59.60149604,3130.332975,Sec10
60,78,3407,65.862942,3809.387731,Sec10
61,79,2404,55.32511062,3458.340682,Sec10
62,80,2109,51.81951563,3420.86202,Sec10
63,81,1725,46.86510658,3452.285217,Sec10
64,82,1243,39.78236738,3100.610619,Sec10
65,83,1882,48.95137203,3344.372476,Sec10
66,84,1769,47.45904292,3390.187677,Sec10
67,87,1623,45.45841815,3256.330869,Sec10
68,89,764,31.1890207,3300.129581,Sec10
69,91,1863,48.70364742,3529.115405,Sec10
70,93,1694,46.4420907,3502.244392,Sec10
0,1,3822,69.75902479,4397.579278,Sec10
1,3,3082,62.64283101,5587.059701,Sec10
2,4,4043,71.74752595,3366.226564,Sec10
3,5,3526,67.00330316,7305.288996,Sec10
4,6,3532,67.06028685,3286.348245,Sec10
5,8,3610,67.79671641,3878.428532,Sec10
6,9,3042,62.23499574,3236.224852,Sec10
7,10,3389,65.68872671,4978.353202,Sec10
8,11,3443,66.20999738,3586.557653,Sec10
9,12,2799,59.69755008,5502.111468,Sec10
10,13,2980,61.59751491,3273.649329,Sec10
11,14,3385,65.64994942,2875.085377,Sec10
12,15,3841,69.93220354,4316.545171,Sec10
13,16,2993,61.7317257,6505.056799,Sec10
14,18,2491,56.31731267,3242.591329,Sec10
15,21,3838,69.90488805,4519.810578,Sec10
16,22,2991,61.71109688,3954.953862,Sec10
17,23,3119,63.01772878,3413.159346,Sec10
18,24,3714,68.76635565,3288.236134,Sec10
19,25,3000,61.80387232,3458.118667,Sec10
20,27,3910,70.5575412,4850.345013,Sec10
21,28,3051,62.32699135,3332.550639,Sec10
22,29,2712,58.76245098,3393.092552,Sec10
23,30,2378,55.02511824,4561.975189,Sec10
24,31,3953,70.94445659,3271.195042,Sec10
25,32,2469,56.06806966,3453.144593,Sec10
26,33,2950,61.28667602,4540.972203,Sec10
27,35,3788,69.44804818,3443.420803,Sec10
28,36,2026,50.78959852,3259.187562,Sec10
29,37,2507,56.49788968,3564.002393,Sec10
30,38,4271,73.74283759,4212.123156,Sec10
31,39,2298,54.09163035,5863.968668,Sec10
32,40,2537,56.83492522,3270.223492,Sec10
33,41,2293,54.03275188,3167.454427,Sec10
34,43,2483,56.22680668,3305.271849,Sec10
35,44,2420,55.50891548,3397.96405,Sec10
36,45,1264,40.11701365,3363.435127,Sec10
37,46,2296,54.06808666,3348.064895,Sec10
38,47,2428,55.60059006,4793.952224,Sec10
39,48,1957,49.91722938,4554.489014,Sec10
40,49,2539,56.85732322,6760.988578,Sec10
41,50,2904,60.80697031,3364.119835,Sec10
42,51,3743,69.03430753,3232.549292,Sec10
43,52,3929,70.72876481,3393.149656,Sec10
44,53,2417,55.47449846,4114.187422,Sec10
45,54,5154,81.00787995,3632.206442,Sec10
46,55,2275,53.82025608,3350.569231,Sec10
47,57,2587,57.39225298,3385.455354,Sec10
48,58,1712,46.68817945,3689.765187,Sec10
49,59,1957,49.91722938,3322.363822,Sec10
50,60,2441,55.74923971,5547.838591,Sec10
51,61,3629,67.97489469,3618.646184,Sec10
52,62,2072,51.36294712,3232.455116,Sec10
53,63,3012,61.92735671,3322.749336,Sec10
54,64,1775,47.53945931,3552.110986,Sec10
55,66,1104,37.49208526,3242.931159,Sec10
0,2,3355,65.3583864,3546.959165,Sec10
1,3,2958,61.36972033,4263.210277,Sec10
2,4,3242,64.24828872,3607.031154,Sec10
3,5,2585,57.37006382,3669.79381,Sec10
4,6,3779,69.36549747,3078.574491,Sec10
5,7,2909,60.85929539,5060.866965,Sec10
6,8,3582,67.53328105,3321.055835,Sec10
7,9,2938,61.16189813,3708.612662,Sec10
8,10,3019,61.99927569,5253.678702,Sec10
9,11,3526,67.00330316,4482.779637,Sec10
10,12,2816,59.8785651,4219.184659,Sec10
11,14,2753,59.20496995,3084.435525,Sec10
12,17,3265,64.47578703,3213.293109,Sec10
13,18,2813,59.84666105,3807.091006,Sec10
14,19,2968,61.47336796,3911.633086,Sec10
15,20,3362,65.42653399,5410.060083,Sec10
16,21,2721,58.85987429,5453.912165,Sec10
17,22,2860,60.34455318,3532.805594,Sec10
18,23,4281,73.82911682,4044.429339,Sec10
19,24,3264,64.4659125,4229.009804,Sec10
20,25,2824,59.96355955,3898.215297,Sec10
21,26,3586,67.57097755,5521.915226,Sec10
22,27,2495,56.36251116,5629.614028,Sec10
23,28,3323,65.04594536,6281.728559,Sec10
24,29,2630,57.86726192,4121.153992,Sec10
25,30,2693,58.55624727,3712.965837,Sec10
26,31,3102,62.84575616,3601.20374,Sec10
27,33,2646,58.04301711,6803.117158,Sec10
28,34,3197,63.80083718,3900.539568,Sec10
29,35,2603,57.56945835,7012.217441,Sec10
30,36,2908,60.84883397,5599.274759,Sec10
31,37,2298,54.09163035,8218.396432,Sec10
32,38,3540,67.13618986,3505.670056,Sec10
33,39,2352,54.72348133,5785.614371,Sec10
34,40,2690,58.52362237,3991.304833,Sec10
35,41,3409,65.88227082,4056.566148,Sec10
36,43,2456,55.92026754,6575.177117,Sec10
37,44,2060,51.21399674,3934.786893,Sec10
38,45,2661,58.20730563,3433.774145,Sec10
39,46,3269,64.51527007,3452.163965,Sec10
40,47,2065,51.27611198,3671.476029,Sec10
41,48,2159,52.43018384,5670.576656,Sec10
42,49,2256,53.59504094,5262.265957,Sec10
43,50,3062,62.43924636,3708.894187,Sec10
44,52,1754,47.25740325,3274.618586,Sec10
45,53,2174,52.61200215,4754.529439,Sec10
46,54,1877,48.88630305,3238.667555,Sec10
47,55,1642,45.72372833,3492.853837,Sec10
48,56,2425,55.56622982,3589.749691,Sec10
49,57,2031,50.85223216,4885.185623,Sec10
50,58,2101,51.72113962,3517.098525,Sec10
51,59,2926,61.03686515,3617.81784,Sec10
52,61,1649,45.82108695,5823.11886,Sec10
53,62,2791,59.61217635,6234.048011,Sec10
54,63,530,25.97723924,3584.54717,Sec10
55,64,1495,43.62903986,5132.6301,Sec10
56,65,779,31.49370739,3921.691913,Sec10
57,66,779,31.49370739,4421.526316,Sec10
58,67,228,17.03815178,3468.526316,Sec10
59,68,373,21.79262146,5288.33244,Sec10
0,1,2990,61.70077989,3259.503344,Sec10
1,2,3571,67.429507,5222.188463,Sec10
2,3,3415,65.94022327,3290.618155,Sec10
3,4,2878,60.53415077,3427.889854,Sec10
4,5,4369,74.58407049,3481.024949,Sec10
5,6,2230,53.28530928,3265.863229,Sec10
6,7,3683,68.47876491,3298.989682,Sec10
7,8,2168,52.53935033,3587.679889,Sec10
8,9,2456,55.92026754,7166.134772,Sec10
9,10,3145,63.27984172,3517.144992,Sec10
10,11,4454,75.30610156,3315.292995,Sec10
11,12,3113,62.9570862,3467.931256,Sec10
12,13,3284,64.66311673,3708.860536,Sec10
13,14,3430,66.08488207,3901.180175,Sec10
14,15,3210,63.93042264,3694.900312,Sec10
15,16,2889,60.64972419,4305.698165,Sec10
16,17,2387,55.1291465,3192.974445,Sec10
17,18,2392,55.18685524,4728.659281,Sec10
18,19,4002,71.38280366,4324.56047,Sec10
19,20,1893,49.09422021,6436.846276,Sec10
20,22,3175,63.58093704,3248.578268,Sec10
21,23,2043,51.00223907,6000.294175,Sec10
22,24,1164,38.49741329,3433.09622,Sec10
23,25,3857,70.07770633,3267.214675,Sec10
24,26,2348,54.67692796,3394.79983,Sec10
25,27,2690,58.52362237,3245.595911,Sec10
26,28,2688,58.50186233,4965.80506,Sec10
27,29,2046,51.03967191,3220.758553,Sec10
28,30,2497,56.38509682,3884.802964,Sec10
29,31,2227,53.24945508,3660.688819,Sec10
30,32,2068,51.31334503,3313.767408,Sec10
31,33,5602,84.45524217,3749.918422,Sec10
32,34,2045,51.02719735,6174.263081,Sec10
33,35,1687,46.34603664,3291.431535,Sec10
34,36,347,21.01937492,4994.659942,Sec10
35,37,2072,51.36294712,3288.618726,Sec10
36,38,754,30.98423174,3257.20557,Sec10
0,1,4568,76.26374132,3660.153678,Sec10
1,2,3738,68.98818318,3888.598181,Sec10
2,4,3247,64.29781335,6457.250693,Sec10
3,5,2980,61.59751491,4054.364094,Sec10
4,6,3921,70.65672123,4930.231319,Sec10
5,7,2674,58.34931484,3499.559088,Sec10
6,8,3501,66.76534764,4907.9006,Sec10
7,9,3105,62.87613845,5778.736554,Sec10
8,10,2622,57.77918385,3229.597254,Sec10
9,11,2746,59.12965237,3604.595776,Sec10
10,12,3513,66.87967195,6591.693424,Sec10
11,13,3080,62.62250233,5789.812338,Sec10
12,14,2988,61.68014072,3781.251673,Sec10
13,15,3812,69.66770518,5885.770724,Sec10
14,16,2876,60.51311371,5380.455841,Sec10
15,17,4131,72.52415156,5437.965626,Sec10
16,18,2568,57.18110834,4977.258567,Sec10
17,20,2677,58.38203715,4758.400075,Sec10
18,21,1259,40.03758967,3753.162033,Sec10
19,23,2578,57.2923341,3928.412723,Sec10
20,24,2585,57.37006382,3424.667698,Sec10
21,25,3000,61.80387232,3051.785333,Sec10
22,27,2626,57.82323966,4410.995811,Sec10
23,28,3107,62.89638515,5449.294818,Sec10
24,29,2372,54.95565667,4680.390809,Sec10
25,32,2496,56.37380512,5862.671074,Sec10
26,33,1778,47.57961654,7826.515186,Sec10
27,34,3504,66.79394707,4790.141838,Sec10
28,35,2814,59.85729762,4408.160981,Sec10
29,36,2622,57.77918385,7102.814264,Sec10
30,37,2910,60.86975501,3600.057045,Sec10
31,38,2563,57.12541425,5464.711666,Sec10
32,39,2420,55.50891548,4649.162397,Sec10
33,40,695,29.74729372,7466.36259,Sec10
34,41,615,27.98289335,4817.512195,Sec10
35,42,2221,53.17767416,3872.184602,Sec10
36,43,1539,44.26641683,4304.087719,Sec10
37,44,2756,59.23721959,5267.015602,Sec10
38,45,1599,45.12105974,3537.182614,Sec10
39,46,1252,39.92613067,3755.084665,Sec10
40,47,2828,60.00601164,4095.593706,Sec10
41,48,864,33.16743835,5952.68287,Sec10
42,49,1145,38.18192345,6194.09607,Sec10
43,50,1407,42.32550105,5166.773276,Sec10
0,2,4223,73.32728413,1694.972295,Sec15
1,4,3477,66.53610972,2267.525453,Sec15
2,5,3746,69.06196735,1825.102776,Sec15
3,6,2080,51.46200786,2695.490865,Sec15
4,7,4331,74.25900934,2380.616717,Sec15
5,8,3633,68.01234642,2783.981558,Sec15
6,9,3111,62.93685902,2003.946962,Sec15
7,10,3378,65.58203399,1598.057134,Sec15
8,12,2953,61.31783081,1882.395191,Sec15
9,13,3200,63.83076486,1573.393125,Sec15
10,14,2667,58.27289135,1591.642295,Sec15
11,15,2073,51.37534016,2777.778582,Sec15
12,16,4088,72.14570853,3668.530577,Sec15
13,17,3713,68.7570973,2751.352814,Sec15
14,19,4039,71.71202494,1599.478584,Sec15
15,20,3334,65.15351596,4710.35123,Sec15
16,21,3188,63.71096977,2056.762547,Sec15
17,22,3295,64.77132313,2508.951745,Sec15
18,23,3565,67.3728356,1956.258065,Sec15
19,24,3539,67.12670667,2400.361967,Sec15
20,25,4187,73.01406696,1857.13733,Sec15
21,26,2336,54.53702941,3439.227312,Sec15
22,27,4195,73.08378678,4277.738021,Sec15
23,28,1818,48.11184358,2900.493399,Sec15
24,29,2562,57.11426891,1978.718189,Sec15
25,30,1388,42.03874984,1561.150576,Sec15
26,32,3198,63.81081463,4215.338649,Sec15
27,33,1908,49.288346,3046.71174,Sec15
28,34,1900,49.18490759,1972.978947,Sec15
29,35,1966,50.03187929,3802.302136,Sec15
30,36,2058,51.18912954,1694.787172,Sec15
31,37,3051,62.32699135,4411.675516,Sec15
32,38,1555,44.49592669,2866.827653,Sec15
33,40,4056,71.86278309,5486.018491,Sec15
34,41,3316,64.97739861,3741.531363,Sec15
35,42,1555,44.49592669,2062.762058,Sec15
36,43,2009,50.57606396,1773.347437,Sec15
37,44,387,22.19783106,2198.490956,Sec15
38,45,1282,40.4016472,2094.793292,Sec15
39,46,241,17.51715531,1875.659751,Sec15
40,48,1152,38.29845892,4718.098958,Sec15
0,1,3965,71.05205694,1580.429508,Sec15
1,2,3507,66.82253425,1903.862561,Sec15
2,3,4059,71.88935465,1503.891106,Sec15
3,4,3451,66.28687403,1519.639235,Sec15
4,5,3166,63.49075837,1491.600126,Sec15
5,6,3822,69.75902479,2079.983778,Sec15
6,7,2880,60.55518053,1565.419792,Sec15
7,8,3855,70.059535,1860.210895,Sec15
8,9,5721,85.34754499,1597.171474,Sec15
9,10,3036,62.17358971,4326.775362,Sec15
10,11,3226,64.08955275,1566.00558,Sec15
11,12,5243,81.70431404,1686.490559,Sec15
12,13,3427,66.05597566,1696.529034,Sec15
13,14,3564,67.36338573,1509.282828,Sec15
14,15,2329,54.45525594,1563.406183,Sec15
15,16,3379,65.5917405,1538.350695,Sec15
16,17,4051,71.81847531,1690.736855,Sec15
17,18,3546,67.19306084,1540.969261,Sec15
18,19,3385,65.64994942,2533.135598,Sec15
19,20,2555,57.03619059,2690.474364,Sec15
20,22,4076,72.0397417,1726.801521,Sec15
21,23,3629,67.97489469,1513.35795,Sec15
22,24,3273,64.55472895,1572.016193,Sec15
23,26,2299,54.10339835,1688.243584,Sec15
24,27,3719,68.81262869,1926.914762,Sec15
25,28,3013,61.93763596,3326.682376,Sec15
26,29,2994,61.74203752,2219.02004,Sec15
27,30,2238,53.38080274,1655.565684,Sec15
28,31,1701,46.53794651,1496.630218,Sec15
29,32,3405,65.84360751,1749.098972,Sec15
30,33,2317,54.31478643,1655.211912,Sec15
31,34,2821,59.93170076,1692.440624,Sec15
32,36,3558,67.30665866,2352.141372,Sec15
33,39,1886,49.003365,1488.986214,Sec15
34,40,3155,63.38036576,1575.597147,Sec15
35,41,2450,55.85191926,2150.809796,Sec15
36,42,1941,49.71275446,1527.810922,Sec15
37,43,870,33.28240382,4917.027586,Sec15
38,45,2231,53.29725532,1772.347378,Sec15
39,47,2068,51.31334503,1660.863153,Sec15
40,48,5624,84.62091467,1695.917674,Sec15
41,49,2390,55.16377899,1554.020921,Sec15
42,50,973,35.19747259,1844.734841,Sec15
43,52,1604,45.19155042,1539.761222,Sec15
44,53,2412,55.41708926,1733.157546,Sec15
45,54,398,22.51109368,1534.713568,Sec15
46,55,666,29.12005386,1565.331832,Sec15
47,56,299,19.51149979,1519.859532,Sec15
48,57,435,23.53421343,1554.795402,Sec15
49,58,602,27.68555952,1609.353821,Sec15
0,2,2867,60.41835627,2305.176491,Sec15
1,3,4104,72.28675599,1869.777778,Sec15
2,4,3679,68.4415684,2560.642022,Sec15
3,5,3576,67.47669681,1722.47623,Sec15
4,6,3385,65.64994942,1694.825406,Sec15
5,8,4738,77.66987166,3244.925707,Sec15
6,9,3470,66.46909974,3883.844669,Sec15
7,11,3660,68.26460821,1938.47377,Sec15
8,12,4122,72.44510614,1674.951722,Sec15
9,13,3100,62.82549314,1711.920968,Sec15
10,14,2863,60.37619412,2082.879497,Sec15
11,15,3147,63.2999593,4740.953924,Sec15
12,16,2839,60.12260031,1625.566044,Sec15
13,18,3743,69.03430753,1560.797221,Sec15
14,20,2446,55.80630723,1722.919052,Sec15
15,21,3755,69.14488044,1691.099068,Sec15
16,22,2067,51.30093702,1592.969037,Sec15
17,23,2627,57.83424837,1637.829083,Sec15
18,24,1959,49.94272988,1655.30781,Sec15
19,25,2492,56.32861569,1871.380819,Sec15
20,27,2525,56.70035141,2260.394851,Sec15
21,28,425,23.26213246,1660.388235,Sec15
22,29,3547,67.20253466,1753.651537,Sec15
23,32,838,32.66457926,3545.752983,Sec15
24,33,1533,44.18004326,4235.039791,Sec15
25,35,1816,48.08537213,1597.24174,Sec15
26,39,1374,41.82620153,1653.122271,Sec15
27,40,1830,48.27036738,1642.35847,Sec15
28,41,841,32.72299585,2319.699168,Sec15
0,1,1423,42.56547747,1393.959944,Sec15
1,2,3777,69.34713953,1530.509399,Sec15
2,3,3535,67.08876054,1510.438472,Sec15
3,4,3058,62.39844972,1542.338129,Sec15
4,5,3993,71.30249296,1535.641122,Sec15
5,7,4515,75.82002733,1546.054042,Sec15
6,8,3473,66.49782657,3046.148287,Sec15
7,9,2955,61.33859189,1584.211506,Sec15
8,10,3622,67.90930445,1520.247377,Sec15
9,13,3542,67.1551522,1543.119706,Sec15
10,14,3032,62.13261864,4903.902704,Sec15
11,16,4253,73.58728004,1488.073125,Sec15
12,17,1037,36.3366125,1520.372228,Sec15
13,18,2722,58.87068915,1540.814107,Sec15
14,20,2634,57.91125073,1662.97798,Sec15
15,21,3579,67.50499486,1562.171277,Sec15
16,22,2486,56.26076349,1514.217216,Sec15
17,23,2886,60.61822602,2002.418919,Sec15
18,25,2153,52.35727972,1435.649327,Sec15
19,26,2291,54.00918252,1560.025316,Sec15
20,27,2127,52.0401817,1501.628115,Sec15
21,28,2185,52.74493725,1555.11167,Sec15
22,29,2232,53.30919868,1528.577509,Sec15
23,31,1249,39.87826716,1542.622898,Sec15
24,34,1384,41.97813157,3629.015896,Sec15
25,35,1865,48.729783,2799.692225,Sec15
0,2,4688,77.25896055,1550.994027,Sec15
1,4,3449,66.26766323,1462.365613,Sec15
2,5,3859,70.09587294,1695.582793,Sec15
3,6,3757,69.16329207,1818.907107,Sec15
4,7,3622,67.90930445,2790.244616,Sec15
5,8,3863,70.13219205,1662.474502,Sec15
6,9,3500,66.75581178,1566.601429,Sec15
7,10,3369,65.49461067,1591.388246,Sec15
8,11,4215,73.25779604,1581.481851,Sec15
9,12,3902,70.48532261,1792.637109,Sec15
10,15,1275,40.29119531,2342.353725,Sec15
11,16,3129,63.11867026,1601.268776,Sec15
12,17,3487,66.63172137,1891.520218,Sec15
13,18,3444,66.21961184,4641.946574,Sec15
14,19,3170,63.53085358,3058.303785,Sec15
15,20,2131,52.08909166,1539.402628,Sec15
16,21,2669,58.29473685,4876.890596,Sec15
17,22,3322,65.03615739,1916.01776,Sec15
18,23,3029,62.1018726,1701.784087,Sec15
19,24,2279,53.86754981,1735.906099,Sec15
20,25,2727,58.92473367,1532.244591,Sec15
21,26,3741,69.01586149,2437.785352,Sec15
22,27,2508,56.50915659,1695.651914,Sec15
23,28,3697,68.60879387,3296.242629,Sec15
24,29,2020,50.71433604,1686.931188,Sec15
25,31,2487,56.27207787,1623.697226,Sec15
26,32,4149,72.6819845,1635.000482,Sec15
27,33,3117,62.99752107,3982.371511,Sec15
28,34,3450,66.27726933,1693.11913,Sec15
29,35,2516,56.59921108,2115.66256,Sec15
30,36,236,17.33448968,1439.04661,Sec15
31,37,1693,46.42838086,1574.556999,Sec15
32,38,2061,51.22642581,1702.67443,Sec15
33,39,1289,40.51179795,1661.189294,Sec15
34,41,829,32.48869931,3372.127865,Sec15
35,43,511,25.50735987,1741.021526,Sec15
36,44,245,17.66192765,1582.134694,Sec15
0,1,5173,81.15705863,1194.175913,Sec5G
1,3,4682,77.20950426,1429.465613,Sec5G
2,5,4944,79.34038259,1292.350526,Sec5G
3,6,4188,73.02278558,3748.942932,Sec5G
4,7,3953,70.94445659,1183.986087,Sec5G
5,8,3725,68.86811529,1188.169128,Sec5G
6,9,3230,64.12927358,1133.87678,Sec5G
7,10,4826,78.38784372,1153.5862,Sec5G
8,11,3269,64.51527007,1199.295809,Sec5G
9,12,2653,58.11974288,1205.514512,Sec5G
10,13,2857,60.31289563,1231.487224,Sec5G
11,14,3565,67.3728356,1254.520337,Sec5G
12,15,4337,74.31042932,1196.292599,Sec5G
13,18,5170,81.13352233,1160.356867,Sec5G
14,19,2795,59.65487849,2380.328086,Sec5G
15,20,4401,74.85671136,1168.847535,Sec5G
16,21,3117,62.99752107,1219.936157,Sec5G
17,22,3929,70.72876481,1248.119623,Sec5G
18,23,3206,63.89057818,1178.679663,Sec5G
19,25,3048,62.29634124,1286.41273,Sec5G
20,26,2256,53.59504094,1166.804965,Sec5G
21,27,2857,60.31289563,1356.416171,Sec5G
22,28,1922,49.46884277,1193.388137,Sec5G
23,29,4221,73.30991828,1197.970386,Sec5G
24,30,2868,60.42889221,1183.132845,Sec5G
25,31,2587,57.39225298,1202.336297,Sec5G
26,32,2724,58.89231291,1211.104258,Sec5G
27,33,3713,68.7570973,1173.842176,Sec5G
28,34,2939,61.17230601,1162.706363,Sec5G
29,35,2423,55.54331118,1161.732976,Sec5G
30,36,3846,69.97770566,1234.970359,Sec5G
31,37,2845,60.18609893,1189.108612,Sec5G
32,39,2963,61.42156601,1156.557881,Sec5G
33,40,1082,37.116643,1190.778189,Sec5G
34,41,3209,63.92046385,2136.357432,Sec5G
35,42,2165,52.50298672,1099.288222,Sec5G
36,43,3302,64.84008773,1233.665354,Sec5G
37,45,1964,50.00642425,1158.05499,Sec5G
38,46,3617,67.86241547,1210.479956,Sec5G
39,49,3577,67.48613081,1188.257199,Sec5G
40,50,2974,61.53547275,1481.327841,Sec5G
41,51,3753,69.1264639,1146.372236,Sec5G
42,53,3667,68.32985739,1374.701936,Sec5G
43,54,2439,55.72639635,1242.237392,Sec5G
44,55,2941,61.19311645,1186.396804,Sec5G
45,56,3543,67.16463137,1139.181202,Sec5G
46,57,2933,61.10983214,1163.3164,Sec5G
47,58,3162,63.45063783,1186.524352,Sec5G
48,59,3716,68.7848686,1246.139397,Sec5G
49,60,3101,62.83562547,1145.906804,Sec5G
50,62,3103,62.85588522,1180.552369,Sec5G
51,63,3288,64.70248545,1158.930657,Sec5G
52,64,2148,52.29644866,1180.155493,Sec5G
53,65,2670,58.30565654,1172.264045,Sec5G
54,66,2523,56.67789138,2006.462941,Sec5G
55,67,2764,59.32313294,1172.725036,Sec5G
56,68,2984,61.63884166,1766.523458,Sec5G
57,69,2727,58.92473367,1873.110011,Sec5G
58,70,1619,45.40236583,1170.11118,Sec5G
59,71,3182,63.65098767,1265.551854,Sec5G
60,72,3105,62.87613845,1166.965539,Sec5G
61,73,4539,76.02127527,1388.557171,Sec5G
62,74,3434,66.1234043,1220.748107,Sec5G
63,75,2305,54.1739527,1135.27679,Sec5G
64,76,3275,64.57444935,1139.87145,Sec5G
65,77,2242,53.42848547,1368.136039,Sec5G
66,78,2842,60.154358,1207.595355,Sec5G
67,79,3240,64.22846818,1455.12284,Sec5G
68,81,2403,55.31360254,1175.095298,Sec5G
69,82,3622,67.90930445,1782.519602,Sec5G
70,83,2844,60.17552048,1790.820675,Sec5G
71,84,2758,59.25870961,1193.208847,Sec5G
72,85,2615,57.70200525,1163.499044,Sec5G
73,86,1189,38.90863424,1157.301093,Sec5G
74,87,3070,62.52075977,1208.664495,Sec5G
75,88,2930,61.07857125,1267.29727,Sec5G
76,89,4254,73.59593075,1102.699342,Sec5G
77,90,2756,59.23721959,1202.466981,Sec5G
78,91,2496,56.37380512,1200.771635,Sec5G
79,92,2531,56.7676782,1081.659028,Sec5G
80,93,2502,56.44152143,1271.581135,Sec5G
81,94,4231,73.39670642,1110.527771,Sec5G
82,95,3028,62.09162054,2219.058454,Sec5G
83,96,2378,55.02511824,1177.498738,Sec5G
84,97,2518,56.62170232,1164.756156,Sec5G
85,98,1676,46.194691,1202.440334,Sec5G
86,99,2026,50.78959852,1223.729516,Sec5G
87,100,2496,56.37380512,2039.020032,Sec5G
88,101,2374,54.97882028,1185.977254,Sec5G
89,102,1928,49.54599724,1204.043568,Sec5G
90,103,2216,53.11778263,2057.38583,Sec5G
91,104,3125,63.07831305,1199.21408,Sec5G
92,105,3138,63.20937977,1320.082855,Sec5G
93,106,2873,60.48154439,1089.026453,Sec5G
94,107,864,33.16743835,1183.615741,Sec5G
95,108,1340,41.30545957,1927.704478,Sec5G
96,109,2409,55.38261517,1235.60523,Sec5G
97,110,2384,55.09449224,1210.878356,Sec5G
98,111,1978,50.18433839,1196.201719,Sec5G
99,113,2289,53.98560288,1149.795544,Sec5G
100,114,510,25.48238937,1720.605882,Sec5G
101,116,3055,62.36783473,1182.384288,Sec5G
102,118,1876,48.87327885,1184.422175,Sec5G
103,119,2320,54.34993785,2883.397845,Sec5G
104,120,2126,52.02794703,2131.242709,Sec5G
105,122,2203,52.96174768,1214.224694,Sec5G
106,124,2422,55.53184832,1836.480595,Sec5G
107,125,2099,51.69651637,1172.778466,Sec5G
108,126,2627,57.83424837,1187.552341,Sec5G
109,127,1840,48.40207395,1209.141304,Sec5G
110,128,562,26.74996494,1173.106762,Sec5G
111,130,382,22.05396804,3111.337696,Sec5G
112,131,1904,49.23665396,1332.835084,Sec5G
113,133,4015,71.49864874,1172.578829,Sec5G
114,134,2403,55.31360254,1125.577195,Sec5G
115,136,3465,66.42119408,1176.311111,Sec5G
116,137,1579,44.83798882,1149.60608,Sec5G
0,2,3593,67.63689588,1280.561091,Sec5G
1,4,4364,74.54138027,2956.307516,Sec5G
2,5,4004,71.40063821,2704.315185,Sec5G
3,8,3236,64.18880873,1791.570457,Sec5G
4,9,2329,54.45525594,1241.179047,Sec5G
5,10,3117,62.99752107,1464.534167,Sec5G
6,11,3537,67.10773629,1212.205824,Sec5G
7,12,4428,75.08598207,1127.572493,Sec5G
8,13,3398,65.77589204,1236.703649,Sec5G
9,14,2709,58.72994063,1159.363234,Sec5G
10,15,3303,64.84990529,1175.201938,Sec5G
11,16,2398,55.25602617,1145.50834,Sec5G
12,17,3968,71.07893157,1378.530998,Sec5G
13,18,7043,94.69649473,1173.633395,Sec5G
14,19,3237,64.19872589,1123.58789,Sec5G
15,21,3151,63.34017529,1618.477309,Sec5G
16,22,2548,56.95800523,1111.453297,Sec5G
17,23,3366,65.46544361,1146.72549,Sec5G
18,24,3016,61.96846349,1742.545093,Sec5G
19,25,3213,63.96028969,1143.164644,Sec5G
20,26,3070,62.52075977,1194.106515,Sec5G
21,27,3118,63.00762573,1731.138871,Sec5G
22,28,3818,69.7225113,1204.850969,Sec5G
23,29,4022,71.56094919,1227.607409,Sec5G
24,30,3573,67.44838688,1238.326336,Sec5G
25,32,1567,44.66728519,1216.940013,Sec5G
26,33,2363,54.85129938,1225.472281,Sec5G
27,34,2475,56.13615478,1283.103838,Sec5G
28,35,2695,58.5779871,1263.874954,Sec5G
29,36,3908,70.53949348,1190.086745,Sec5G
30,37,3529,67.03180106,1138.25418,Sec5G
31,38,3222,64.04980728,1226.549659,Sec5G
32,39,2707,58.70825706,1226.418545,Sec5G
33,40,2388,55.14069308,1797.35469,Sec5G
34,41,2823,59.95294184,1440.123627,Sec5G
35,42,3180,63.63098107,1411.274214,Sec5G
36,44,2166,52.51511072,1212.33241,Sec5G
37,45,3758,69.17249605,1227.866951,Sec5G
38,46,3611,67.80610589,1261.788424,Sec5G
39,47,2384,55.09449224,1212.372064,Sec5G
40,48,2872,60.47101762,1288.975279,Sec5G
41,49,3105,62.87613845,2879.7781,Sec5G
42,50,3364,65.44599169,1262.856124,Sec5G
43,51,2644,58.02107683,1226.439486,Sec5G
44,52,2750,59.17270273,1233.801091,Sec5G
45,53,2859,60.33400251,2272.832809,Sec5G
46,54,4738,77.66987166,1261.90038,Sec5G
47,55,2690,58.52362237,2027.207807,Sec5G
48,56,3344,65.25115353,1302.919557,Sec5G
49,57,2623,57.79020095,1187.261533,Sec5G
50,58,1580,44.85218479,4265.052532,Sec5G
51,59,1828,48.24398292,1143.884026,Sec5G
52,60,2756,59.23721959,1298.137155,Sec5G
53,61,2370,54.9324833,1480.124051,Sec5G
54,62,2246,53.47612568,1211.394924,Sec5G
55,63,2548,56.95800523,1157.30259,Sec5G
56,64,2598,57.51414032,1196.721324,Sec5G
57,65,3073,62.55129991,1134.081354,Sec5G
58,66,2946,61.24511163,1445.422607,Sec5G
59,67,2723,58.88150202,1231.480353,Sec5G
60,68,2447,55.81771373,1452.66653,Sec5G
61,70,3095,62.77480698,1185.578675,Sec5G
62,72,3821,69.74989821,1282.469249,Sec5G
63,73,1957,49.91722938,1240.985692,Sec5G
64,74,3383,65.63055218,1245.171445,Sec5G
65,75,2635,57.92224271,1387.377609,Sec5G
66,77,2498,56.39638626,1722.385909,Sec5G
67,78,3940,70.82770508,1238.15736,Sec5G
68,79,1301,40.69993425,1252.794005,Sec5G
69,80,2741,59.07579532,1224.914265,Sec5G
70,81,2152,52.34511916,1619.141264,Sec5G
71,82,3300,64.82044814,1284.630606,Sec5G
72,84,2183,52.72079216,1357.306001,Sec5G
73,85,2997,61.77296266,2772.818485,Sec5G
74,86,3206,63.89057818,1133.275421,Sec5G
75,87,1083,37.1337909,1273.142198,Sec5G
76,88,3545,67.18358569,1228.249083,Sec5G
77,90,2713,58.77328377,1248.47512,Sec5G
78,91,1863,48.70364742,1205.13956,Sec5G
79,92,3357,65.37786439,1227.87042,Sec5G
80,93,2825,59.97417539,1487.395752,Sec5G
81,94,2979,61.58717889,1327.177912,Sec5G
82,96,2698,58.61058174,1226.095256,Sec5G
83,97,3483,66.59349318,1313.05656,Sec5G
84,98,1776,47.55284883,1302.099099,Sec5G
85,99,2731,58.96793363,3317.140608,Sec5G
86,101,2598,57.51414032,1251.919554,Sec5G
87,102,4530,75.94586979,1490.669757,Sec5G
88,103,1796,47.81985176,3824.437082,Sec5G
89,104,2391,55.17531832,1235.457967,Sec5G
90,105,2352,54.72348133,1108.646259,Sec5G
91,106,3329,65.10464226,1362.210273,Sec5G
92,107,2509,56.52042125,1332.736548,Sec5G
93,110,811,32.13405158,1226.732429,Sec5G
94,111,1156,38.36489168,1232.883218,Sec5G
95,112,2746,59.12965237,1315.806628,Sec5G
96,113,1331,41.1665135,1221.909842,Sec5G
97,114,3614,67.83426652,1319.788323,Sec5G
98,116,2188,52.78113417,1766.798446,Sec5G
99,117,2259,53.6306641,1271.972112,Sec5G
100,118,2219,53.15372564,1249.104101,Sec5G
101,119,2293,54.03275188,1229.866114,Sec5G
102,120,1962,49.98095624,1285.362895,Sec5G
103,121,1771,47.48586351,1182.620553,Sec5G
104,122,2020,50.71433604,1229.755446,Sec5G
105,123,1396,42.15972491,1485.466332,Sec5G
106,124,1615,45.34624422,1137.083591,Sec5G
107,125,1087,37.20230349,1215.50322,Sec5G
108,127,2158,52.41804019,1232.498146,Sec5G
109,128,2476,56.14749427,1177.413166,Sec5G
110,129,2234,53.33307738,1232.177708,Sec5G
111,130,1526,44.07906017,1559.12713,Sec5G
112,131,1549,44.40999949,1132.634603,Sec5G
113,132,1860,48.66441773,1268.819892,Sec5G
114,133,1686,46.33229837,1850.355872,Sec5G
115,134,1360,41.61256758,1266.761029,Sec5G
116,135,622,28.14169499,1212.610932,Sec5G
117,136,1771,47.48586351,1227.408244,Sec5G
118,137,1377,41.87183843,1495.318809,Sec5G
0,1,3733,68.94202797,2169.926868,Sec5G
1,3,3252,64.34729986,1141.140221,Sec5G
2,4,4017,71.51645441,1117.563356,Sec5G
3,5,3127,63.09849488,1204.431724,Sec5G
4,7,3123,63.05812476,1250.192443,Sec5G
5,8,5340,82.45665024,1205.151311,Sec5G
6,11,5632,84.68107885,1864.221058,Sec5G
7,13,3329,65.10464226,1172.265846,Sec5G
8,14,5304,82.17823645,1316.979638,Sec5G
9,15,3237,64.19872589,1213.940377,Sec5G
10,18,2639,57.96618979,1201.690034,Sec5G
11,20,4079,72.06624802,1208.315519,Sec5G
12,21,3051,62.32699135,1277.334644,Sec5G
13,22,3127,63.09849488,1107.792773,Sec5G
14,23,3583,67.54270715,1209.892269,Sec5G
15,25,4707,77.4153637,1192.847674,Sec5G
16,26,3288,64.70248545,1197.60371,Sec5G
17,28,3480,66.56480764,1176.964368,Sec5G
18,29,3355,65.3583864,3982.594337,Sec5G
19,30,4713,77.46468856,1225.799703,Sec5G
20,31,3798,69.53965625,1125.955503,Sec5G
21,32,2503,56.45279958,1112.588893,Sec5G
22,33,3269,64.51527007,1359.687366,Sec5G
23,34,3134,63.16908052,1114.35769,Sec5G
24,35,3627,67.95616108,3101.744968,Sec5G
25,37,3227,64.09948526,1107.618221,Sec5G
26,38,3393,65.72748113,1172.547598,Sec5G
27,39,3049,62.30655962,1235.109544,Sec5G
28,40,2154,52.36943746,1414.960074,Sec5G
29,41,2274,53.80842615,1224.005717,Sec5G
30,42,2052,51.11445535,1188.510234,Sec5G
31,43,2725,58.90312181,1195.322569,Sec5G
32,44,2579,57.3034448,1179.763086,Sec5G
33,45,2469,56.06806966,1234.375051,Sec5G
34,46,3078,62.60216704,1463.008447,Sec5G
35,47,3466,66.43077797,1182.152048,Sec5G
36,48,3064,62.45963469,2640.856723,Sec5G
37,49,2390,55.16377899,1335.746444,Sec5G
38,50,2649,58.07591199,1227.487731,Sec5G
39,51,2221,53.17767416,1139.014408,Sec5G
40,52,2783,59.52668018,1124.982034,Sec5G
41,53,2496,56.37380512,1188.308093,Sec5G
42,54,3214,63.97024228,1129.300871,Sec5G
43,55,2323,54.38506654,1224.371933,Sec5G
44,56,4418,75.00114872,1219.901086,Sec5G
45,59,2457,55.9316508,1470.172975,Sec5G
46,61,4678,77.1765158,4532.098333,Sec5G
47,62,2297,54.07985978,1195.128864,Sec5G
48,63,900,33.85137501,1194.057778,Sec5G
49,64,2139,52.18677405,1290.788219,Sec5G
50,65,3039,62.20430031,1164.231326,Sec5G
51,66,3046,62.27589946,1191.591267,Sec5G
52,67,1407,42.32550105,1116.138593,Sec5G
53,68,2336,54.53702941,1174.799658,Sec5G
54,69,1994,50.38689961,2985.827482,Sec5G
55,70,1749,47.18999856,1191.165809,Sec5G
56,71,2887,60.62872723,1190.48424,Sec5G
57,72,2243,53.4403995,1154.276416,Sec5G
58,73,2036,50.91478875,1189.285855,Sec5G
59,74,1898,49.15901398,1191.51844,Sec5G
60,76,2523,56.67789138,2134.023385,Sec5G
61,77,1378,41.88703967,1204.911466,Sec5G
62,78,2010,50.58864976,1235.718905,Sec5G
63,79,1908,49.288346,1213.47065,Sec5G
64,80,4075,72.0309041,1124.415951,Sec5G
65,81,692,29.68302149,1658.676301,Sec5G
66,82,1864,48.71671696,1281.877146,Sec5G
67,83,2116,51.90544169,1173.439036,Sec5G
68,84,746,30.81942083,1160.552279,Sec5G
69,85,1547,44.38132012,1158.875242,Sec5G
70,86,1152,38.29845892,3214.226563,Sec5G
71,88,2265,53.70183953,1170.633554,Sec5G
0,2,4637,76.83756743,1408.975846,Sec5G
1,5,4331,74.25900934,1122.220272,Sec5G
2,6,3755,69.14488044,1193.598935,Sec5G
3,7,5122,80.75600874,1183.190551,Sec5G
4,8,3194,63.77089545,1177.18159,Sec5G
5,9,4550,76.11333608,1203.735385,Sec5G
6,11,3390,65.69841746,1258.703245,Sec5G
7,12,2031,50.85223216,1188.156081,Sec5G
8,13,3569,67.41062183,1210.230597,Sec5G
9,14,4738,77.66987166,1204.654285,Sec5G
10,15,3854,70.05044757,1229.017644,Sec5G
11,17,3151,63.34017529,1216.3437,Sec5G
12,18,3114,62.96719735,1088.805074,Sec5G
13,19,3629,67.97489469,1160.558832,Sec5G
14,20,4264,73.68238201,1217.455441,Sec5G
15,21,2833,60.05903454,1138.310272,Sec5G
16,22,2864,60.38673742,1230.22905,Sec5G
17,23,2352,54.72348133,1184.951531,Sec5G
18,24,4347,74.3960503,1137.642972,Sec5G
19,25,2782,59.51598452,1165.244069,Sec5G
20,27,2480,56.19282936,1204.3,Sec5G
21,28,2991,61.71109688,1186.039117,Sec5G
22,29,2942,61.20351902,1163.370156,Sec5G
23,30,3547,67.20253466,1194.502678,Sec5G
24,31,3193,63.76091174,1209.227999,Sec5G
25,32,3174,63.5709235,3598.037492,Sec5G
26,33,2749,59.16194308,1125.667152,Sec5G
27,34,3571,67.429507,2510.640997,Sec5G
28,35,3425,66.03669768,1326.32,Sec5G
29,36,3489,66.65082724,1179.543422,Sec5G
30,37,2962,61.41120038,1156.607022,Sec5G
31,39,5221,81.53271529,1171.420992,Sec5G
32,41,2958,61.36972033,1373.488506,Sec5G
33,42,3636,68.0404217,1202.64604,Sec5G
34,43,1933,49.61020097,1931.57941,Sec5G
35,44,4266,73.69966009,1131.335912,Sec5G
36,45,2561,57.1031214,1197.825068,Sec5G
37,46,2893,60.69169633,1420.948151,Sec5G
38,48,3611,67.80610589,1144.631681,Sec5G
39,49,2728,58.93553663,1206.206012,Sec5G
40,50,2770,59.38748638,1270.817329,Sec5G
41,51,2771,59.39820518,1214.203176,Sec5G
42,52,2666,58.26196552,1137.446362,Sec5G
43,53,2806,59.77215207,1265.582324,Sec5G
44,54,1857,48.6251564,1205.996769,Sec5G
45,55,3442,66.20038152,2339.864904,Sec5G
46,56,2967,61.46301107,1157.128075,Sec5G
47,57,2737,59.03267429,1136.287176,Sec5G
48,58,2785,59.54806573,1181.477558,Sec5G
49,59,2659,58.18542729,1170.128244,Sec5G
50,61,4445,75.22997924,1162.24387,Sec5G
51,62,2960,61.39046386,1119.389865,Sec5G
52,63,3633,68.01234642,1097.292045,Sec5G
53,64,2763,59.31240058,1200.062975,Sec5G
54,65,3199,63.82079053,2945.894655,Sec5G
55,66,2797,59.6762181,1289.286378,Sec5G
56,67,3299,64.81062612,1211.05244,Sec5G
57,68,2910,60.86975501,1181.452577,Sec5G
58,69,2271,53.77292075,1200.108322,Sec5G
59,70,2712,58.76245098,1147.596239,Sec5G
60,71,2276,53.83208341,1159.620826,Sec5G
61,72,2322,54.3733595,1238.872524,Sec5G
62,73,2179,52.67246879,1146.174851,Sec5G
63,74,3017,61.97873592,3016.092476,Sec5G
64,75,1944,49.75115752,1218.030864,Sec5G
65,77,457,24.12199146,1193.124726,Sec5G
66,78,2244,53.45231088,1189.57754,Sec5G
67,79,1807,47.96606986,1235.238517,Sec5G
68,80,2227,53.24945508,1291.178267,Sec5G
69,81,2435,55.68068149,1329.375359,Sec5G
70,82,2004,50.51308788,1201.552395,Sec5G
71,84,1581,44.86637628,1192.859583,Sec5G
72,85,2752,59.19421616,1260.814317,Sec5G
73,86,1671,46.12573337,1174.709755,Sec5G
74,87,2129,52.06464242,1766.881165,Sec5G
75,88,2132,52.10131197,1092.164634,Sec5G
76,89,1636,45.64011279,1206.168093,Sec5G
77,90,2222,53.18964437,1183.113411,Sec5G
78,91,1343,41.35167117,1226.965004,Sec5G
79,92,1784,47.6598295,1072.304372,Sec5G
80,93,1500,43.70193722,1177.440667,Sec5G
81,95,3761,69.20010063,1195.758043,Sec5G
82,96,1668,46.08430927,1203.835132,Sec5G
83,97,2376,55.00197413,1210.419192,Sec5G
84,98,2168,52.53935033,1263.799354,Sec5G
85,99,1901,49.19784929,1302.087849,Sec5G
86,100,1620,45.4163854,1174.658025,Sec5G
87,101,620,28.09641468,1218.2,Sec5G
88,102,1770,47.47245511,1210.606215,Sec5G
0,3,2743,59.09734403,1261.305505,Sec5G
1,7,3902,70.48532261,1283.968734,Sec5G
2,8,4730,77.60427209,1183.872939,Sec5G
3,9,3072,62.54112152,1499.048503,Sec5G
4,10,3469,66.45952137,1204.826463,Sec5G
5,11,3234,64.16896982,1161.761286,Sec5G
6,12,2862,60.36564898,1232.642907,Sec5G
7,13,3264,64.4659125,1215.926164,Sec5G
8,15,3636,68.0404217,1142.306656,Sec5G
9,16,4017,71.51645441,1190.048544,Sec5G
10,17,2127,52.0401817,1198.752703,Sec5G
11,18,3300,64.82044814,1211.871515,Sec5G
12,19,3453,66.30607927,1183.473791,Sec5G
13,20,3150,63.33012368,1194.348889,Sec5G
14,21,3163,63.46067034,1183.535251,Sec5G
15,22,3493,66.68902256,1166.592614,Sec5G
16,23,2247,53.4880291,1185.754784,Sec5G
17,24,4432,75.11988859,1261.270984,Sec5G
18,25,2907,60.83837076,1344.421397,Sec5G
19,26,2824,59.96355955,1144.253895,Sec5G
20,27,3230,64.12927358,1733.456966,Sec5G
21,28,3341,65.22187761,1290.008081,Sec5G
22,29,4141,72.61187888,3237.327699,Sec5G
23,30,3563,67.35393454,1392.089812,Sec5G
24,33,3415,65.94022327,1212.456223,Sec5G
25,37,3047,62.28612119,1919.849032,Sec5G
26,38,3315,64.96760032,1190.649472,Sec5G
27,39,3701,68.64589977,3552.102945,Sec5G
28,40,2758,59.25870961,1185.815083,Sec5G
29,41,3355,65.3583864,1175.250075,Sec5G
30,43,2736,59.02188911,2331.692617,Sec5G
31,44,2081,51.47437705,1194.851994,Sec5G
32,45,4076,72.0397417,1147.508096,Sec5G
33,46,3569,67.41062183,1186.223872,Sec5G
34,47,2367,54.89770489,1426.954373,Sec5G
35,48,3181,63.64098516,2689.239862,Sec5G
36,49,2463,55.99990177,1388.055217,Sec5G
37,50,3633,68.01234642,1250.036609,Sec5G
38,51,2996,61.762656,3578.979306,Sec5G
39,53,3843,69.95040794,2841.509758,Sec5G
40,54,3003,61.83476654,1535.644023,Sec5G
41,55,4676,77.16001627,2409.065441,Sec5G
42,56,1078,37.047972,1214.806122,Sec5G
43,57,3113,62.9570862,1175.866367,Sec5G
44,58,3419,65.97882996,2826.378181,Sec5G
45,60,3595,67.65571789,1155.094298,Sec5G
46,61,2251,53.53561632,1180.166148,Sec5G
47,62,2422,55.53184832,1138.310487,Sec5G
48,63,993,35.55737431,1309.23565,Sec5G
49,64,2641,57.98815084,1144.731541,Sec5G
50,65,2785,59.54806573,2765.895871,Sec5G
51,66,2733,58.98952175,1295.197219,Sec5G
52,67,2455,55.90888196,1225.189409,Sec5G
53,68,2828,60.00601164,1206.359972,Sec5G
54,69,1367,41.7195213,1123.976591,Sec5G
55,70,3363,65.43626356,2800.528397,Sec5G
56,72,2155,52.38159237,1113.595824,Sec5G
57,73,2329,54.45525594,2886.386432,Sec5G
58,75,2980,61.59751491,1252.02651,Sec5G
59,76,2204,52.97376668,1128.122958,Sec5G
60,77,2503,56.45279958,1177.567719,Sec5G
61,78,2825,59.97417539,2232.71646,Sec5G
62,79,2556,57.04735118,1254.134977,Sec5G
63,81,1474,43.32153147,1151.071235,Sec5G
64,82,1261,40.06937816,3307.464711,Sec5G
65,84,2405,55.33661631,1220.974636,Sec5G
66,85,1957,49.91722938,2456.769545,Sec5G
67,86,2394,55.20992184,1234.641604,Sec5G
68,87,2492,56.32861569,2904.189406,Sec5G
69,88,1132,37.96455142,1310.79682,Sec5G
70,89,2477,56.15883147,2868.378684,Sec5G
71,90,3299,64.81062612,1239.910579,Sec5G
72,91,2453,55.88610385,1388.191194,Sec5G
73,92,3124,63.06821971,3884.992318,Sec5G
74,93,2532,56.77889156,1210.151659,Sec5G
75,94,2644,58.02107683,4961.642587,Sec5G
76,95,3428,66.06561253,1541.66832,Sec5G
77,96,4459,75.34835851,1138.515586,Sec5G
78,97,1753,47.24393,1226.119224,Sec5G
79,98,2312,54.25615013,1292.95372,Sec5G
80,99,1733,46.97365358,1277.524524,Sec5G
81,101,1696,46.46949825,2968.452241,Sec5G
82,103,640,28.54598586,2785.13125,Sec5G
83,105,909,34.02021085,1372.154015,Sec5G
84,106,3168,63.51080914,3482.740846,Sec5G
85,107,790,31.71528402,2269.610127,Sec5G
86,108,1526,44.07906017,1224.421363,Sec5G
87,109,1743,47.10898562,3350.804934,Sec5G
88,111,1948,49.80231554,1197.332649,Sec5G
89,112,2400,55.27906392,1277.665,Sec5G
90,114,1673,46.15332879,1147.485953,Sec5G
91,115,2156,52.39374446,1303.811688,Sec5G
92,116,1701,46.53794651,1266.427984,Sec5G
0,1,3260,64.42639922,1747.824847,Sec8G
1,2,4631,76.78783974,3058.569423,Sec8G
2,3,3658,68.24595413,1665.943412,Sec8G
3,5,3044,62.25545096,2119.883377,Sec8G
4,7,2683,58.44742679,2223.590011,Sec8G
5,8,4215,73.25779604,1638.513167,Sec8G
6,9,3601,67.71215253,1854.294085,Sec8G
7,10,3261,64.43627981,1889.178166,Sec8G
8,11,3317,64.98719543,1597.321978,Sec8G
9,12,4501,75.70238564,1768.978227,Sec8G
10,13,3207,63.90054162,1634.765201,Sec8G
11,14,3501,66.76534764,2756.530991,Sec8G
12,15,4386,74.72903481,1677.23347,Sec8G
13,16,4336,74.30186179,1626.486162,Sec8G
14,17,5620,84.59081653,1886.682562,Sec8G
15,18,3145,63.27984172,1627.666773,Sec8G
16,19,4847,78.55820819,1785.957087,Sec8G
17,20,4169,72.85695342,2019.728472,Sec8G
18,21,5102,80.59818954,2124.561936,Sec8G
19,22,2948,61.26589735,2116.492198,Sec8G
20,23,3084,62.6631531,1894.391375,Sec8G
21,24,2413,55.42857586,1648.053046,Sec8G
22,27,3008,61.88622262,1880.931848,Sec8G
23,28,2548,56.95800523,1851.937991,Sec8G
24,29,2970,61.49407653,2156.131987,Sec8G
25,30,2669,58.29473685,1653.83477,Sec8G
26,32,2627,57.83424837,1675.197183,Sec8G
27,33,2695,58.5779871,3652.477922,Sec8G
28,34,2112,51.85635852,2303.653409,Sec8G
29,35,2910,60.86975501,1589.512371,Sec8G
30,37,2504,56.46407548,1636.057109,Sec8G
31,38,4147,72.66446444,1604.292259,Sec8G
32,39,4923,79.17170125,2016.955515,Sec8G
33,41,2319,54.33822323,1651.831824,Sec8G
34,42,3089,62.7139295,1665.720298,Sec8G
35,43,3252,64.34729986,1857.802583,Sec8G
36,45,2633,57.90025666,3264.767945,Sec8G
37,46,2793,59.63353124,3428.197279,Sec8G
38,47,2690,58.52362237,1644.37658,Sec8G
39,48,2499,56.40767343,2781.390156,Sec8G
40,49,3033,62.14286394,3113.732938,Sec8G
41,50,2932,61.09941362,1649.002729,Sec8G
42,52,3452,66.29647735,1842.429896,Sec8G
43,53,2015,50.65153189,1757.456079,Sec8G
44,54,4018,71.52535558,3272.45545,Sec8G
45,55,1427,42.62526047,3909.293623,Sec8G
46,56,4498,75.67715291,2203.178301,Sec8G
47,57,1739,47.05489951,1836.986774,Sec8G
48,59,3037,62.18382826,1829.097794,Sec8G
49,60,2618,57.73509442,2291.952636,Sec8G
50,61,2933,61.10983214,3611.228435,Sec8G
51,62,1045,36.47650373,1826.547368,Sec8G
52,63,3036,62.17358971,2295.253623,Sec8G
53,64,2849,60.22839416,1629.295542,Sec8G
54,65,3435,66.13303135,3022.636681,Sec8G
55,66,1958,49.92998126,2516.198161,Sec8G
56,67,1340,41.30545957,1700.101493,Sec8G
57,68,3335,65.1632863,1679.898651,Sec8G
58,69,4086,72.1280582,3388.64464,Sec8G
59,70,3028,62.09162054,2055.941546,Sec8G
60,71,2947,61.25550537,1939.253478,Sec8G
61,73,2634,57.91125073,1887.515186,Sec8G
62,75,2903,60.79649989,3672.051326,Sec8G
63,77,2695,58.5779871,4968.348423,Sec8G
64,78,2269,53.74923746,1681.424857,Sec8G
65,79,1216,39.34792607,1711.400493,Sec8G
66,80,1967,50.04460195,1758.423996,Sec8G
67,81,605,27.75445774,1776.53719,Sec8G
68,82,2098,51.68420034,4022.71449,Sec8G
69,83,2036,50.91478875,1752.032908,Sec8G
70,84,2698,58.61058174,2013.173462,Sec8G
71,85,2706,58.69741228,1739.091279,Sec8G
72,86,1767,47.43220715,1684.880589,Sec8G
73,87,1676,46.194691,1637.572196,Sec8G
74,88,2798,59.68688504,1698.50822,Sec8G
75,89,3307,64.88916069,1865.778651,Sec8G
76,90,2795,59.65487849,3156.031843,Sec8G
77,91,1875,48.86025119,1726.365333,Sec8G
78,92,3063,62.44944135,2348.769181,Sec8G
79,93,1501,43.71650211,1690.817455,Sec8G
80,94,895,33.75721245,2085.750838,Sec8G
81,95,1048,36.52882482,2443.67271,Sec8G
82,98,1649,45.82108695,2372.201941,Sec8G
83,100,2814,59.85729762,1574.453447,Sec8G
84,103,2348,54.67692796,2990.928876,Sec8G
85,104,1991,50.34898146,1962.643898,Sec8G
86,105,3116,62.98741479,1721.100449,Sec8G
87,106,1715,46.72906825,1533.976676,Sec8G
88,108,2812,59.83602259,1611.592817,Sec8G
89,109,1848,48.50718172,1909.641234,Sec8G
90,110,1683,46.29105911,2289.318479,Sec8G
91,111,824,32.39057556,3461.394417,Sec8G
92,112,1459,43.10053939,3382.499657,Sec8G
93,113,2151,52.33295578,1648.960483,Sec8G
94,114,1460,43.11530744,4887.669863,Sec8G
95,116,1018,36.00219239,2059.062868,Sec8G
96,117,2383,55.08293597,1557.793118,Sec8G
97,118,3144,63.26978053,1654.472328,Sec8G
98,119,3299,64.81062612,1650.000303,Sec8G
99,120,2503,56.45279958,1745.43348,Sec8G
100,122,1573,44.7527184,1650.147489,Sec8G
101,123,1459,43.10053939,1642.385881,Sec8G
0,1,3890,70.37685578,3245.010797,Sec8G
1,3,6097,88.10755645,1671.678202,Sec8G
2,4,4358,74.49011972,1588.937357,Sec8G
3,5,5859,86.37077337,1929.988735,Sec8G
4,6,3165,63.48073061,2327.936177,Sec8G
5,7,4955,79.42859651,1569.175782,Sec8G
6,8,4742,77.70265067,2680.916491,Sec8G
7,9,3439,66.17152556,2725.722012,Sec8G
8,10,5106,80.62977809,2458.578143,Sec8G
9,11,3176,63.59094899,2501.275189,Sec8G
10,14,3244,64.26810315,1706.729655,Sec8G
11,15,4063,71.92476813,1930.659365,Sec8G
12,16,4505,75.73601619,2141.492564,Sec8G
13,17,3024,62.05059535,2199.852183,Sec8G
14,18,4362,74.52429734,3171.512838,Sec8G
15,19,3843,69.95040794,1755.934426,Sec8G
16,20,960,34.96154978,1554.592708,Sec8G
17,21,3570,67.42006507,1629.747339,Sec8G
18,22,5457,83.355073,1627.857981,Sec8G
19,23,2807,59.78280189,1786.176701,Sec8G
20,24,2551,56.99152638,1809.937279,Sec8G
21,25,2622,57.77918385,1714.909611,Sec8G
22,26,2778,59.47318266,2730.805256,Sec8G
23,27,3366,65.46544361,3277.867201,Sec8G
24,28,3107,62.89638515,1703.934986,Sec8G
25,29,3134,63.16908052,1569.212508,Sec8G
26,30,2494,56.35121493,3048.513232,Sec8G
27,31,3206,63.89057818,1654.023706,Sec8G
28,32,2822,59.94232224,3739.738129,Sec8G
29,33,2499,56.40767343,1767.168868,Sec8G
30,34,4181,72.96173337,1639.359244,Sec8G
31,35,2653,58.11974288,2082.606483,Sec8G
32,36,1982,50.23505527,2920.517659,Sec8G
33,37,2208,53.02181546,1585.338768,Sec8G
34,38,2535,56.81251839,1819.333728,Sec8G
35,39,1841,48.4152249,1626.088539,Sec8G
36,40,2693,58.55624727,1910.691051,Sec8G
37,41,2381,55.05981616,1870.457791,Sec8G
38,42,3241,64.23837922,1843.287874,Sec8G
39,43,2176,52.63619714,2054.380055,Sec8G
40,45,1420,42.52058506,2745.465493,Sec8G
41,46,1459,43.10053939,2699.266621,Sec8G
42,47,2349,54.68857002,1876.789698,Sec8G
43,48,1807,47.96606986,1660.869397,Sec8G
44,49,4240,73.4747281,3447.29434,Sec8G
45,50,3268,64.50540157,1758.254896,Sec8G
46,52,2208,53.02181546,1781.152174,Sec8G
47,54,632,28.3670124,1782.898734,Sec8G
48,55,971,35.16127981,2810.369722,Sec8G
49,56,2566,57.15883722,2678.669914,Sec8G
50,57,1416,42.46065467,2790.680085,Sec8G
51,58,1112,37.62768095,1649.014388,Sec8G
52,59,1910,49.3141717,1659.864921,Sec8G
53,60,1470,43.26271063,1685.155782,Sec8G
54,61,378,21.93819837,4221.611111,Sec8G
0,4,3410,65.8919331,1755.005865,Sec8G
1,5,4534,75.97939257,1535.744155,Sec8G
2,6,4355,74.46447621,1476.137313,Sec8G
3,7,4185,72.9966266,2230.016249,Sec8G
4,8,3436,66.14265701,1788.855355,Sec8G
5,9,1361,41.62786351,1519.07568,Sec8G
6,10,3592,67.62748291,1701.248886,Sec8G
7,11,4219,73.29254832,1765.147191,Sec8G
8,12,3548,67.21200715,1576.51212,Sec8G
9,14,3339,65.20235302,1845.609464,Sec8G
10,15,3149,63.32007049,1676.946015,Sec8G
11,16,2542,56.89090369,1424.70181,Sec8G
12,17,3184,63.67098798,1942.894786,Sec8G
13,18,2861,60.355102,4479.870675,Sec8G
14,19,3737,68.97895461,1557.895103,Sec8G
15,21,2996,61.762656,1637.83478,Sec8G
16,22,1616,45.36028113,1719.027228,Sec8G
17,24,2511,56.54294383,1666.131023,Sec8G
18,25,1962,49.98095624,1656.850663,Sec8G
19,26,2521,56.65542244,1611.840539,Sec8G
20,27,2802,59.72953377,1597.07566,Sec8G
21,28,1296,40.62165002,1938.553241,Sec8G
22,29,1658,45.94595918,1437.881182,Sec8G
23,31,1208,39.21827852,1617.466887,Sec8G
24,32,807,32.05470812,2044.884758,Sec8G
25,34,1623,45.45841815,1524.224892,Sec8G
0,1,1973,50.12087012,4240.435378,Sec8G
1,2,3586,67.57097755,3790.821807,Sec8G
2,3,3976,71.15054764,1847.419266,Sec8G
3,4,3549,67.2214783,2147.313891,Sec8G
4,5,3840,69.92309956,2150.509896,Sec8G
5,6,4138,72.58557182,1716.240696,Sec8G
6,7,4194,73.07507544,1539.824034,Sec8G
7,8,4079,72.06624802,3680.812699,Sec8G
8,9,4406,74.89922185,2237.083296,Sec8G
9,10,2665,58.25103765,4058.771107,Sec8G
10,11,4058,71.88049856,1861.21587,Sec8G
11,12,3356,65.36812612,1944.9118,Sec8G
12,13,2746,59.12965237,4119.658776,Sec8G
13,14,4315,74.12171501,2218.451912,Sec8G
14,15,2864,60.38673742,1585.882682,Sec8G
15,16,2608,57.62472328,1756.330521,Sec8G
16,17,2841,60.14377396,2283.383316,Sec8G
17,18,3502,66.77488215,3377.537407,Sec8G
18,19,3993,71.30249296,1662.684197,Sec8G
19,20,4813,78.2821942,3475.072512,Sec8G
20,21,2197,52.88957629,1635.822485,Sec8G
21,22,2817,59.889196,3185.003905,Sec8G
22,23,1029,36.19618062,2358.000972,Sec8G
23,24,2741,59.07579532,1634.723094,Sec8G
24,25,2545,56.92446435,3534.119843,Sec8G
25,26,3346,65.27066352,3943.06306,Sec8G
26,28,3157,63.40045144,2406.649351,Sec8G
27,29,3742,69.02508512,3001.489845,Sec8G
28,30,3777,69.34713953,1594.614774,Sec8G
29,31,4058,71.88049856,3514.631099,Sec8G
30,32,4035,71.67650635,1721.116481,Sec8G
31,33,4134,72.55048089,2342.284954,Sec8G
32,34,4998,79.77249679,3540.678671,Sec8G
33,35,1070,36.91024672,1646.285047,Sec8G
34,36,2836,60.09082583,1977.556065,Sec8G
35,38,2725,58.90312181,2038.185688,Sec8G
36,39,3330,65.11441994,1751.834234,Sec8G
37,40,1869,48.78201215,1598.663991,Sec8G
38,41,2306,54.18570282,2089.764527,Sec8G
39,43,2830,60.02722642,1873.817314,Sec8G
40,44,2181,52.69663601,1933.097203,Sec8G
41,46,1981,50.22238085,1574.221605,Sec8G
42,47,2382,55.07137728,4833.006297,Sec8G
43,48,3151,63.34017529,2768.370359,Sec8G
44,50,1915,49.37867686,3826.158225,Sec8G
45,51,3575,67.46726149,1696.071888,Sec8G
46,52,1550,44.42433223,1814.655484,Sec8G
47,56,1304,40.74683259,1621.486963,Sec8G
48,59,345,20.95871282,3434.756522,Sec8G
49,61,766,31.22981734,1787.749347,Sec8G
50,62,3016,61.96846349,3304.691976,Sec8G
51,63,1877,48.88630305,3486.885988,Sec8G
0,1,4281,73.82911682,3338.559916,Sec8G
1,3,3651,68.18062465,1619.47576,Sec8G
2,4,4349,74.41316268,2681.224879,Sec8G
3,5,4012,71.47193193,1759.309821,Sec8G
4,6,3574,67.45782485,3515.743145,Sec8G
5,7,3144,63.26978053,2153.046756,Sec8G
6,8,3673,68.3857357,1586.884835,Sec8G
7,9,2768,59.36604299,2930.149205,Sec8G
8,10,4196,73.09249708,1974.415157,Sec8G
9,12,4934,79.26010291,2041.697203,Sec8G
10,13,2103,51.74575115,1614.678079,Sec8G
11,14,2954,61.32821223,1863.359513,Sec8G
12,15,3105,62.87613845,1608.122383,Sec8G
13,16,1837,48.36259964,1691.381056,Sec8G
14,17,2393,55.19838975,3760.701212,Sec8G
15,18,2242,53.42848547,3891.871097,Sec8G
16,20,3284,64.66311673,3419.78715,Sec8G
17,21,3485,66.61261002,1769.888666,Sec8G
18,23,3300,64.82044814,1932.733939,Sec8G
19,24,2419,55.49744552,1832.166184,Sec8G
20,25,2412,55.41708926,2362.126451,Sec8G
21,26,2228,53.26140916,1612.495512,Sec8G
22,27,3012,61.92735671,1638.161023,Sec8G
23,28,1398,42.18991448,2121.91774,Sec8G
24,29,1124,37.83016321,1656.559609,Sec8G
25,31,1316,40.93388866,1583.456687,Sec8G
26,32,803,31.97516778,1746.276463,Sec8G
27,34,3227,64.09948526,1856.961264,Sec8G
28,35,413,22.9313744,1908.857143,Sec8G
29,36,2066,51.288526,4831.468538,Sec8G
30,37,1833,48.30991705,1599.693399,Sec8G
